<ImportExportXml xmlns:xsi="http://www.w3.org/2001/XMLSchema-instance">
  <Entities></Entities>
  <Roles></Roles>
  <Workflows>
    <Workflow WorkflowId="{f154e72a-d12e-ee11-bdf4-000d3abcdaa4}" Name="GPT create and save my schedule">
      <JsonFileName>/Workflows/GPTcreateandsavemyschedule-F154E72A-D12E-EE11-BDF4-000D3ABCDAA4.json</JsonFileName>
      <Type>1</Type>
      <Subprocess>0</Subprocess>
      <Category>5</Category>
      <Mode>0</Mode>
      <Scope>4</Scope>
      <OnDemand>0</OnDemand>
      <TriggerOnCreate>0</TriggerOnCreate>
      <TriggerOnDelete>0</TriggerOnDelete>
      <AsyncAutodelete>0</AsyncAutodelete>
      <SyncWorkflowLogOnFailure>0</SyncWorkflowLogOnFailure>
      <StateCode>1</StateCode>
      <StatusCode>2</StatusCode>
      <RunAs>1</RunAs>
      <IsTransacted>1</IsTransacted>
      <IntroducedVersion>1.0.0.0</IntroducedVersion>
      <IsCustomizable>1</IsCustomizable>
      <IsCustomProcessingStepAllowedForOtherPublishers>1</IsCustomProcessingStepAllowedForOtherPublishers>
      <PrimaryEntity>none</PrimaryEntity>
      <LocalizedNames>
        <LocalizedName languagecode="1033" description="GPT create and save my schedule" />
      </LocalizedNames>
    </Workflow>
    <Workflow WorkflowId="{8683d855-d12e-ee11-bdf4-000d3abcdaa4}" Name="GPT Taskmaster">
      <JsonFileName>/Workflows/GPTTaskmaster-8683D855-D12E-EE11-BDF4-000D3ABCDAA4.json</JsonFileName>
      <Type>1</Type>
      <Subprocess>0</Subprocess>
      <Category>5</Category>
      <Mode>0</Mode>
      <Scope>4</Scope>
      <OnDemand>0</OnDemand>
      <TriggerOnCreate>0</TriggerOnCreate>
      <TriggerOnDelete>0</TriggerOnDelete>
      <AsyncAutodelete>0</AsyncAutodelete>
      <SyncWorkflowLogOnFailure>0</SyncWorkflowLogOnFailure>
      <StateCode>1</StateCode>
      <StatusCode>2</StatusCode>
      <RunAs>1</RunAs>
      <IsTransacted>1</IsTransacted>
      <IntroducedVersion>1.0.0.0</IntroducedVersion>
      <IsCustomizable>1</IsCustomizable>
      <IsCustomProcessingStepAllowedForOtherPublishers>1</IsCustomProcessingStepAllowedForOtherPublishers>
      <PrimaryEntity>none</PrimaryEntity>
      <LocalizedNames>
        <LocalizedName languagecode="1033" description="GPT Taskmaster" />
      </LocalizedNames>
    </Workflow>
    <Workflow WorkflowId="{8783d855-d12e-ee11-bdf4-000d3abcdaa4}" Name="GPT Taskmaster - Execute Tasks">
      <JsonFileName>/Workflows/GPTTaskmaster-ExecuteTasks-8783D855-D12E-EE11-BDF4-000D3ABCDAA4.json</JsonFileName>
      <Type>1</Type>
      <Subprocess>0</Subprocess>
      <Category>5</Category>
      <Mode>0</Mode>
      <Scope>4</Scope>
      <OnDemand>0</OnDemand>
      <TriggerOnCreate>0</TriggerOnCreate>
      <TriggerOnDelete>0</TriggerOnDelete>
      <AsyncAutodelete>0</AsyncAutodelete>
      <SyncWorkflowLogOnFailure>0</SyncWorkflowLogOnFailure>
      <StateCode>1</StateCode>
      <StatusCode>2</StatusCode>
      <RunAs>1</RunAs>
      <IsTransacted>1</IsTransacted>
      <IntroducedVersion>1.0.0.0</IntroducedVersion>
      <IsCustomizable>1</IsCustomizable>
      <IsCustomProcessingStepAllowedForOtherPublishers>1</IsCustomProcessingStepAllowedForOtherPublishers>
      <PrimaryEntity>none</PrimaryEntity>
      <LocalizedNames>
        <LocalizedName languagecode="1033" description="GPT Taskmaster - Execute Tasks" />
      </LocalizedNames>
    </Workflow>
    <Workflow WorkflowId="{34476ed5-d42e-ee11-bdf4-000d3abcdaa4}" Name="Speech2Text">
      <JsonFileName>/Workflows/Speech2Text-34476ED5-D42E-EE11-BDF4-000D3ABCDAA4.json</JsonFileName>
      <Type>1</Type>
      <Subprocess>0</Subprocess>
      <Category>5</Category>
      <Mode>0</Mode>
      <Scope>4</Scope>
      <OnDemand>0</OnDemand>
      <TriggerOnCreate>0</TriggerOnCreate>
      <TriggerOnDelete>0</TriggerOnDelete>
      <AsyncAutodelete>0</AsyncAutodelete>
      <SyncWorkflowLogOnFailure>0</SyncWorkflowLogOnFailure>
      <StateCode>1</StateCode>
      <StatusCode>2</StatusCode>
      <RunAs>1</RunAs>
      <IsTransacted>1</IsTransacted>
      <IntroducedVersion>1.0</IntroducedVersion>
      <IsCustomizable>1</IsCustomizable>
      <IsCustomProcessingStepAllowedForOtherPublishers>1</IsCustomProcessingStepAllowedForOtherPublishers>
      <PrimaryEntity>none</PrimaryEntity>
      <LocalizedNames>
        <LocalizedName languagecode="1033" description="Speech2Text" />
      </LocalizedNames>
    </Workflow>
    <Workflow WorkflowId="{85fff37e-9630-ee11-bdf4-002248a19e88}" Name="Setup">
      <JsonFileName>/Workflows/Setup-85FFF37E-9630-EE11-BDF4-002248A19E88.json</JsonFileName>
      <Type>1</Type>
      <Subprocess>0</Subprocess>
      <Category>5</Category>
      <Mode>0</Mode>
      <Scope>4</Scope>
      <OnDemand>0</OnDemand>
      <TriggerOnCreate>0</TriggerOnCreate>
      <TriggerOnDelete>0</TriggerOnDelete>
      <AsyncAutodelete>0</AsyncAutodelete>
      <SyncWorkflowLogOnFailure>0</SyncWorkflowLogOnFailure>
      <StateCode>1</StateCode>
      <StatusCode>2</StatusCode>
      <RunAs>1</RunAs>
      <IsTransacted>1</IsTransacted>
      <IntroducedVersion>1.0.0.1</IntroducedVersion>
      <IsCustomizable>1</IsCustomizable>
      <BusinessProcessType>0</BusinessProcessType>
      <IsCustomProcessingStepAllowedForOtherPublishers>1</IsCustomProcessingStepAllowedForOtherPublishers>
      <PrimaryEntity>none</PrimaryEntity>
      <LocalizedNames>
        <LocalizedName languagecode="1033" description="Setup" />
      </LocalizedNames>
    </Workflow>
  </Workflows>
  <FieldSecurityProfiles></FieldSecurityProfiles>
  <Templates />
  <EntityMaps />
  <EntityRelationships />
  <OrganizationSettings />
  <optionsets />
  <CustomControls />
  <EntityDataProviders />
  <CanvasApps>
    <CanvasApp>
      <Name>db_gptassistant_de0de</Name>
      <AppVersion>2023-08-05T21:21:32Z</AppVersion>
      <Status>Ready</Status>
      <CreatedByClientVersion>3.23074.15.0</CreatedByClientVersion>
      <MinClientVersion>3.23074.15.0</MinClientVersion>
      <Tags>{"primaryDeviceWidth":"3489","primaryDeviceHeight":"1571","supportsPortrait":"true","supportsLandscape":"false","primaryFormFactor":"Phone","publisherVersion":"3.23074.15","minimumRequiredApiVersion":"2.2.0","hasComponent":"false","hasUnlockedComponent":"false","isUnifiedRootApp":"false","sienaVersion":"20230805T211606Z-3.23074.15.0","showStatusBar":"false"}</Tags>
      <IsCdsUpgraded>0</IsCdsUpgraded>
      <GalleryItemId xsi:nil="true"></GalleryItemId>
      <BackgroundColor>rgba(237, 237, 237, 1)</BackgroundColor>
      <DisplayName>GPT Assistant</DisplayName>
      <Description>An extremely sarcastic GPT powered assistant.</Description>
      <CommitMessage xsi:nil="true"></CommitMessage>
      <Publisher></Publisher>
      <AuthorizationReferences>[]</AuthorizationReferences>
      <ConnectionReferences>{"859c0f5f-b255-4ba6-9b38-e46f449ac565":{"id":"/providers/microsoft.powerapps/apis/shared_office365users","displayName":"Office 365 Users","iconUri":"https://connectoricons-prod.azureedge.net/releases/v1.0.1647/1.0.1647.3361/office365users/icon.png","dataSources":["Office365Users"],"dependencies":[],"dependents":[],"parameterHints":{},"parameterHintsV2":{},"isOnPremiseConnection":false,"bypassConsent":false,"dataSets":{},"apiTier":"Standard","actions":["MyProfileV2"]},"96403b98-e31c-4470-b555-401e1ac934f2":{"id":"/providers/microsoft.powerapps/apis/shared_logicflows","displayName":"Logic flows","iconUri":"https://connectoricons-prod.azureedge.net/releases/v1.0.1645/1.0.1645.3345/logicflows/icon.png","dataSources":["Speech2Text"],"dependencies":[],"dependents":[],"parameterHints":{"workflowName":{"value":"526ae26b-f6a7-4f67-b2f7-034ae0d50612"},"workflowEntityId":{"value":"34476ed5-d42e-ee11-bdf4-000d3abcdaa4"}},"parameterHintsV2":{"workflowName":{"value":"526ae26b-f6a7-4f67-b2f7-034ae0d50612"},"workflowEntityId":{"value":"34476ed5-d42e-ee11-bdf4-000d3abcdaa4"}},"isOnPremiseConnection":false,"bypassConsent":false,"dataSets":{},"apiTier":"Standard","actions":["Run"]},"219a2043-1cf6-4332-8d5b-1302bcc5ac26":{"id":"/providers/microsoft.powerapps/apis/shared_logicflows","displayName":"Logic flows","iconUri":"https://connectoricons-prod.azureedge.net/releases/v1.0.1645/1.0.1645.3345/logicflows/icon.png","dataSources":["GPTTaskmaster"],"dependencies":["ad9bd353-4a47-4db4-9361-8b6674dbfa20","4d7e2cc2-9582-4474-b012-3f6b0ed5f43e","ee8391b5-18db-4dbb-a96a-1863b068044d"],"dependents":[],"parameterHints":{"workflowName":{"value":"49cdd172-582b-4af0-a811-0549e46fa2ef"},"workflowEntityId":{"value":"8683d855-d12e-ee11-bdf4-000d3abcdaa4"},"ad9bd353-4a47-4db4-9361-8b6674dbfa20":{"value":"shared_conversionservice"},"4d7e2cc2-9582-4474-b012-3f6b0ed5f43e":{"value":"shared_sharepointonline"},"ee8391b5-18db-4dbb-a96a-1863b068044d":{"value":"shared_planner"}},"parameterHintsV2":{"workflowName":{"value":"49cdd172-582b-4af0-a811-0549e46fa2ef"},"workflowEntityId":{"value":"8683d855-d12e-ee11-bdf4-000d3abcdaa4"},"shared_conversionservice":{"value":"ad9bd353-4a47-4db4-9361-8b6674dbfa20"},"shared_sharepointonline":{"value":"4d7e2cc2-9582-4474-b012-3f6b0ed5f43e"},"shared_planner":{"value":"ee8391b5-18db-4dbb-a96a-1863b068044d"}},"isOnPremiseConnection":false,"bypassConsent":false,"dataSets":{},"apiTier":"Standard","actions":["Run"]},"ad9bd353-4a47-4db4-9361-8b6674dbfa20":{"id":"/providers/microsoft.powerapps/apis/shared_conversionservice","displayName":"Content Conversion","iconUri":"https://connectoricons-prod.azureedge.net/releases/v1.0.1649/1.0.1649.3368/conversionservice/icon.png","dataSources":[],"dependencies":[],"dependents":["219a2043-1cf6-4332-8d5b-1302bcc5ac26"],"parameterHints":{},"parameterHintsV2":{},"isOnPremiseConnection":false,"bypassConsent":false,"dataSets":{},"apiTier":"Standard"},"4d7e2cc2-9582-4474-b012-3f6b0ed5f43e":{"id":"/providers/microsoft.powerapps/apis/shared_sharepointonline","displayName":"SharePoint","iconUri":"https://connectoricons-prod.azureedge.net/u/shgogna/globalperconnector-train1/1.0.1639.3312/sharepointonline/icon.png","dataSources":[],"dependencies":[],"dependents":["219a2043-1cf6-4332-8d5b-1302bcc5ac26"],"parameterHints":{},"parameterHintsV2":{},"isOnPremiseConnection":false,"bypassConsent":false,"dataSets":{},"apiTier":"Standard","actions":["providers/PowerPlatform.Governance/Operations/Read"]},"ee8391b5-18db-4dbb-a96a-1863b068044d":{"id":"/providers/microsoft.powerapps/apis/shared_planner","displayName":"Planner","iconUri":"https://connectoricons-prod.azureedge.net/releases/v1.0.1645/1.0.1645.3345/planner/icon.png","dataSources":[],"dependencies":[],"dependents":["219a2043-1cf6-4332-8d5b-1302bcc5ac26"],"parameterHints":{},"parameterHintsV2":{},"isOnPremiseConnection":false,"bypassConsent":false,"dataSets":{},"apiTier":"Standard"},"49adad21-667d-46d8-8456-08b410623888":{"id":"/providers/microsoft.powerapps/apis/shared_sharepointonline","displayName":"SharePoint","iconUri":"https://connectoricons-prod.azureedge.net/u/shgogna/globalperconnector-train1/1.0.1639.3312/sharepointonline/icon.png","dataSources":["Schedule","Tasks"],"dependencies":[],"dependents":[],"parameterHints":{},"parameterHintsV2":{},"isOnPremiseConnection":false,"bypassConsent":false,"dataSets":{"https://burberry.sharepoint.com/sites/MyAssistant/_db_Sharepointsiteurl_myass":{"datasetOverride":{"name":"https://burberry.sharepoint.com/sites/MyAssistant/","environmentVariableName":"db_Sharepointsiteurl_myass"},"dataSources":{"Schedule":{"tableName":"fa1d8cde-e32f-4de2-825c-18116729bfff","tableNameOverride":{"name":"fa1d8cde-e32f-4de2-825c-18116729bfff","environmentVariableName":"new_shared_sharepointonline_19bdfdca8bc441f5ba067a001f92ebc8"}},"Tasks":{"tableName":"6d6fe663-b969-4cd4-89fd-9541c26a0a0e","tableNameOverride":{"name":"6d6fe663-b969-4cd4-89fd-9541c26a0a0e","environmentVariableName":"new_shared_sharepointonline_54ab85c9eb0b4f31b06cd2b4de80a2e7"}}}}},"apiTier":"Standard","actions":["providers/PowerPlatform.Governance/Operations/Read"]}}</ConnectionReferences>
      <DatabaseReferences>{}</DatabaseReferences>
      <AppComponents>[]</AppComponents>
      <AppComponentDependencies>[]</AppComponentDependencies>
      <CanConsumeAppPass>1</CanConsumeAppPass>
      <CanvasAppType>0</CanvasAppType>
      <BypassConsent>0</BypassConsent>
      <AdminControlBypassConsent>0</AdminControlBypassConsent>
      <EmbeddedApp xsi:nil="true"></EmbeddedApp>
      <IntroducedVersion>1.0</IntroducedVersion>
      <CdsDependencies>{"cdsdependencies":[{"dependencyid":"34476ed5-d42e-ee11-bdf4-000d3abcdaa4","componenttype":29,"componenttypeplatformname":"Workflow"},{"dependencyid":"8683d855-d12e-ee11-bdf4-000d3abcdaa4","componenttype":29,"componenttypeplatformname":"Workflow"},{"logicalname":"db_Sharepointsiteurl_myass","componenttype":380,"componenttypeplatformname":"EnvironmentVariableDefinition"},{"logicalname":"new_shared_sharepointonline_19bdfdca8bc441f5ba067a001f92ebc8","componenttype":380,"componenttypeplatformname":"EnvironmentVariableDefinition"},{"logicalname":"new_shared_sharepointonline_54ab85c9eb0b4f31b06cd2b4de80a2e7","componenttype":380,"componenttypeplatformname":"EnvironmentVariableDefinition"}]}</CdsDependencies>
      <IsCustomizable>1</IsCustomizable>
      <BackgroundImageUri>/CanvasApps/db_gptassistant_de0de_BackgroundImageUri</BackgroundImageUri>
      <DocumentUri>/CanvasApps/db_gptassistant_de0de_DocumentUri.msapp</DocumentUri>
    </CanvasApp>
  </CanvasApps>
  <connectionreferences>
    <connectionreference connectionreferencelogicalname="db_sharedconversionservice_a1e5b">
      <connectionreferencedisplayname>Content Conversion MyAssistant-a1e5b</connectionreferencedisplayname>
      <connectorid>/providers/Microsoft.PowerApps/apis/shared_conversionservice</connectorid>
      <iscustomizable>1</iscustomizable>
      <statecode>0</statecode>
      <statuscode>1</statuscode>
    </connectionreference>
    <connectionreference connectionreferencelogicalname="db_sharedmsnweather_c20cd">
      <connectionreferencedisplayname>MSN Weather MyAssistant-c20cd</connectionreferencedisplayname>
      <connectorid>/providers/Microsoft.PowerApps/apis/shared_msnweather</connectorid>
      <iscustomizable>1</iscustomizable>
      <statecode>0</statecode>
      <statuscode>1</statuscode>
    </connectionreference>
    <connectionreference connectionreferencelogicalname="db_sharedoffice365_0fb3d">
      <connectionreferencedisplayname>Office 365 Outlook MyAssistant-0fb3d</connectionreferencedisplayname>
      <connectorid>/providers/Microsoft.PowerApps/apis/shared_office365</connectorid>
      <iscustomizable>1</iscustomizable>
      <statecode>0</statecode>
      <statuscode>1</statuscode>
    </connectionreference>
    <connectionreference connectionreferencelogicalname="db_sharedoffice365users_1d982">
      <connectionreferencedisplayname>Office 365 Users MyAssistant-1d982</connectionreferencedisplayname>
      <connectorid>/providers/Microsoft.PowerApps/apis/shared_office365users</connectorid>
      <iscustomizable>1</iscustomizable>
      <statecode>0</statecode>
      <statuscode>1</statuscode>
    </connectionreference>
    <connectionreference connectionreferencelogicalname="db_sharedoffice365users_1e9b3">
      <connectionreferencedisplayname>Office 365 Users MyAssistant-1e9b3</connectionreferencedisplayname>
      <connectorid>/providers/Microsoft.PowerApps/apis/shared_office365users</connectorid>
      <iscustomizable>1</iscustomizable>
      <statecode>0</statecode>
      <statuscode>1</statuscode>
    </connectionreference>
    <connectionreference connectionreferencelogicalname="db_sharedonedriveforbusiness_53107">
      <connectionreferencedisplayname>OneDrive for Business MyAssistant-53107</connectionreferencedisplayname>
      <connectorid>/providers/Microsoft.PowerApps/apis/shared_onedriveforbusiness</connectorid>
      <iscustomizable>1</iscustomizable>
      <statecode>0</statecode>
      <statuscode>1</statuscode>
    </connectionreference>
    <connectionreference connectionreferencelogicalname="db_sharedplanner_0dae5">
      <connectionreferencedisplayname>Planner MyAssistant-0dae5</connectionreferencedisplayname>
      <connectorid>/providers/Microsoft.PowerApps/apis/shared_planner</connectorid>
      <iscustomizable>1</iscustomizable>
      <statecode>0</statecode>
      <statuscode>1</statuscode>
    </connectionreference>
    <connectionreference connectionreferencelogicalname="db_sharedsharepointonline_11a45">
      <connectionreferencedisplayname>SharePoint MyAssistant-11a45</connectionreferencedisplayname>
      <connectorid>/providers/Microsoft.PowerApps/apis/shared_sharepointonline</connectorid>
      <iscustomizable>1</iscustomizable>
      <statecode>0</statecode>
      <statuscode>1</statuscode>
    </connectionreference>
    <connectionreference connectionreferencelogicalname="db_sharedsharepointonline_395ab">
      <connectionreferencedisplayname>SharePoint MyAssistant-395ab</connectionreferencedisplayname>
      <connectorid>/providers/Microsoft.PowerApps/apis/shared_sharepointonline</connectorid>
      <iscustomizable>1</iscustomizable>
      <statecode>0</statecode>
      <statuscode>1</statuscode>
    </connectionreference>
    <connectionreference connectionreferencelogicalname="db_sharedteams_c969e">
      <connectionreferencedisplayname>Microsoft Teams MyAssistant-c969e</connectionreferencedisplayname>
      <connectorid>/providers/Microsoft.PowerApps/apis/shared_teams</connectorid>
      <iscustomizable>1</iscustomizable>
      <statecode>0</statecode>
      <statuscode>1</statuscode>
    </connectionreference>
    <connectionreference connectionreferencelogicalname="db_sharedteams_f9964">
      <connectionreferencedisplayname>Microsoft Teams MyAssistant-f9964</connectionreferencedisplayname>
      <connectorid>/providers/Microsoft.PowerApps/apis/shared_teams</connectorid>
      <iscustomizable>1</iscustomizable>
      <statecode>0</statecode>
      <statuscode>1</statuscode>
    </connectionreference>
    <connectionreference connectionreferencelogicalname="db_sharedtodo_d3f45">
      <connectionreferencedisplayname>Microsoft To-Do (Business) MyAssistant-d3f45</connectionreferencedisplayname>
      <connectorid>/providers/Microsoft.PowerApps/apis/shared_todo</connectorid>
      <iscustomizable>1</iscustomizable>
      <statecode>0</statecode>
      <statuscode>1</statuscode>
    </connectionreference>
  </connectionreferences>
  <Languages>
    <Language>1033</Language>
  </Languages>
</ImportExportXml>