{"schemaVersion":"1.0","appDefinitionTemplate":{"id":"/providers/Microsoft.PowerApps/apps/","type":"Microsoft.PowerApps/apps","tags":{"primaryDeviceWidth":"1744","primaryDeviceHeight":"749","supportsPortrait":"true","supportsLandscape":"true","primaryFormFactor":"Tablet","publisherVersion":"3.22072.25","minimumRequiredApiVersion":"2.2.0","hasComponent":"false","hasUnlockedComponent":"false","isUnifiedRootApp":"false","sienaVersion":"20220803T115924Z-3.22072.25.0"},"properties":{"appVersion":"2022-08-03T11:59:24Z","lifeCycleId":"Published","createdByClientVersion":{"major":3,"minor":22072,"build":25,"revision":0,"majorRevision":0,"minorRevision":0},"minClientVersion":{"major":3,"minor":22072,"build":25,"revision":0,"majorRevision":0,"minorRevision":0},"backgroundColor":"rgba(255, 0, 0, 1)","backgroundImageUri":"/7559570580289780993/N1700e8f7-9d08-4e2e-8abb-a0fdb70e0a4a-logoSmallFile","displayName":"Buggy","description":"Bug eats","commitMessage":"","appUris":{"documentUri":{"value":"/7559570580289780993/N8e62ca55-d4a9-4106-9772-eade6c362e6e-document.msapp"},"imageUris":[],"additionalUris":[]},"createdTime":"0001-01-01T00:00:00Z","lastModifiedTime":"0001-01-01T00:00:00Z","sharedGroupsCount":0,"sharedUsersCount":0,"icons":{"smallIconUri":"/7559570580289780993/Nced6885b-72fe-4a8f-a280-c8c29bf7deef-small.png","mediumIconUri":"/7559570580289780993/Nd6f8f972-bfff-43d9-ac20-ba3addd2fe47-medium.png","largeIconUri":"/7559570580289780993/N73e2c8b9-714f-4e86-957a-968c34e7e3cf-large.png","wideIconUri":"/7559570580289780993/N2a0f9ea6-d33d-4198-8499-6a42c0384f93-wide.png"},"connectionReferences":{},"databaseReferences":{},"almMode":"Environment","performanceOptimizationEnabled":true,"canConsumeAppPass":true,"executionRestrictions":{"isTeamsOnly":false,"dataLossPreventionEvaluationResult":{"status":"Compliant","lastEvaluationDate":"2022-08-02T13:34:49.7595007Z","violations":[],"violationsByPolicy":[],"violationErrorMessage":"The app uses the following connectors: ."}}},"appType":"ClassicCanvasApp","appComponents":[]}}