<environmentvariabledefinition schemaname="new_shared_sharepointonline_19bdfdca8bc441f5ba067a001f92ebc8">
  <apiid>/providers/microsoft.powerapps/apis/shared_sharepointonline</apiid>
  <defaultvalue>fa1d8cde-e32f-4de2-825c-18116729bfff</defaultvalue>
  <displayname default="Schedule">
    <label description="Schedule" languagecode="1033" />
  </displayname>
  <introducedversion>1.0</introducedversion>
  <iscustomizable>1</iscustomizable>
  <isrequired>0</isrequired>
  <parameterkey>table</parameterkey>
  <parentdefinitionid>
    <schemaname>db_Sharepointsiteurl_myass</schemaname>
  </parentdefinitionid>
  <secretstore>0</secretstore>
  <type>100000004</type>
</environmentvariabledefinition>