<environmentvariabledefinition schemaname="db_11labsapikey_myass">
  <description default="11 Labs API key for My Assistant">
    <label description="11 Labs API key for My Assistant" languagecode="1033" />
  </description>
  <displayname default="11labsapikey_myass">
    <label description="11labsapikey_myass" languagecode="1033" />
  </displayname>
  <introducedversion>1.0.0.0</introducedversion>
  <iscustomizable>1</iscustomizable>
  <isrequired>0</isrequired>
  <secretstore>0</secretstore>
  <type>100000000</type>
</environmentvariabledefinition>