<environmentvariabledefinition schemaname="db_googleapikey_myass">
  <description default="Google voice API key for My Assistant">
    <label description="Google voice API key for My Assistant" languagecode="1033" />
  </description>
  <displayname default="googleapikey_myass">
    <label description="googleapikey_myass" languagecode="1033" />
  </displayname>
  <introducedversion>1.0.0.0</introducedversion>
  <iscustomizable>1</iscustomizable>
  <isrequired>0</isrequired>
  <secretstore>0</secretstore>
  <type>100000000</type>
</environmentvariabledefinition>