{"schemaVersion":"1.0","appDefinitionTemplate":{"id":"/providers/Microsoft.PowerApps/apps/","type":"Microsoft.PowerApps/apps","tags":{"primaryDeviceWidth":"1744","primaryDeviceHeight":"749","supportsPortrait":"true","supportsLandscape":"true","primaryFormFactor":"Tablet","publisherVersion":"3.22072.25","minimumRequiredApiVersion":"2.2.0","hasComponent":"false","hasUnlockedComponent":"false","isUnifiedRootApp":"false","sienaVersion":"20220803T152414Z-3.22072.25.0"},"properties":{"appVersion":"2022-08-03T15:24:14Z","lifeCycleId":"Published","createdByClientVersion":{"major":3,"minor":22072,"build":25,"revision":0,"majorRevision":0,"minorRevision":0},"minClientVersion":{"major":3,"minor":22072,"build":25,"revision":0,"majorRevision":0,"minorRevision":0},"backgroundColor":"rgba(255, 0, 0, 1)","backgroundImageUri":"/7559570580289780993/N0d406be9-1e24-473b-b813-be37efa8de85-logoSmallFile","displayName":"Buggy","description":"Bug eats","commitMessage":"","appUris":{"documentUri":{"value":"/7559570580289780993/Ne20b197c-b40e-4008-8e4f-f6db127a66bc-document.msapp"},"imageUris":[],"additionalUris":[]},"createdTime":"0001-01-01T00:00:00Z","lastModifiedTime":"0001-01-01T00:00:00Z","sharedGroupsCount":0,"sharedUsersCount":0,"icons":{"smallIconUri":"/7559570580289780993/N0317bab0-52e5-4185-8079-37655e6b4fbf-small.png","mediumIconUri":"/7559570580289780993/N2f34f073-723f-4c2b-9014-50611f7f05c0-medium.png","largeIconUri":"/7559570580289780993/Nbc52311b-ba01-4f3f-b92e-39359ab4c1d5-large.png","wideIconUri":"/7559570580289780993/Nae61254f-a23b-4bc2-8fc3-5c2302041cdc-wide.png"},"connectionReferences":{},"databaseReferences":{},"almMode":"Environment","performanceOptimizationEnabled":true,"canConsumeAppPass":true,"executionRestrictions":{"isTeamsOnly":false,"dataLossPreventionEvaluationResult":{"status":"Compliant","lastEvaluationDate":"2022-08-02T13:34:49.7595007Z","violations":[],"violationsByPolicy":[],"violationErrorMessage":"The app uses the following connectors: ."}}},"appType":"ClassicCanvasApp","appComponents":[]}}