{"schemaVersion":"1.0","appDefinitionTemplate":{"id":"/providers/Microsoft.PowerApps/apps/","type":"Microsoft.PowerApps/apps","tags":{"primaryDeviceWidth":"1744","primaryDeviceHeight":"749","supportsPortrait":"true","supportsLandscape":"true","primaryFormFactor":"Tablet","publisherVersion":"3.22072.25","minimumRequiredApiVersion":"2.2.0","hasComponent":"false","hasUnlockedComponent":"false","isUnifiedRootApp":"false","sienaVersion":"20220803T153443Z-3.22072.25.0"},"properties":{"appVersion":"2022-08-03T15:34:43Z","lifeCycleId":"Published","createdByClientVersion":{"major":3,"minor":22072,"build":25,"revision":0,"majorRevision":0,"minorRevision":0},"minClientVersion":{"major":3,"minor":22072,"build":25,"revision":0,"majorRevision":0,"minorRevision":0},"backgroundColor":"rgba(255, 0, 0, 1)","backgroundImageUri":"/7559570580289780993/N27104d8e-1495-4573-804b-157392cc4a74-logoSmallFile","displayName":"Buggy","description":"Bug eats","commitMessage":"","appUris":{"documentUri":{"value":"/7559570580289780993/Na370f80e-f5f7-49ba-9db5-4311e9630bb7-document.msapp"},"imageUris":[],"additionalUris":[]},"createdTime":"0001-01-01T00:00:00Z","lastModifiedTime":"0001-01-01T00:00:00Z","sharedGroupsCount":0,"sharedUsersCount":0,"icons":{"smallIconUri":"/7559570580289780993/N5cdc7637-0d14-493e-b980-a3077747db48-small.png","mediumIconUri":"/7559570580289780993/N5f22fd2f-94df-4ca8-9ab7-25e9470c4865-medium.png","largeIconUri":"/7559570580289780993/N45dca570-d158-4ddc-b7d9-9d8738335fce-large.png","wideIconUri":"/7559570580289780993/N56d5a426-273f-4c5c-9b3c-7d0ccffa159b-wide.png"},"connectionReferences":{},"databaseReferences":{},"almMode":"Environment","performanceOptimizationEnabled":true,"canConsumeAppPass":true,"executionRestrictions":{"isTeamsOnly":false,"dataLossPreventionEvaluationResult":{"status":"Compliant","lastEvaluationDate":"2022-08-02T13:34:49.7595007Z","violations":[],"violationsByPolicy":[],"violationErrorMessage":"The app uses the following connectors: ."}}},"appType":"ClassicCanvasApp","appComponents":[]}}