{"schemaVersion":"1.0","appDefinitionTemplate":{"id":"/providers/Microsoft.PowerApps/apps/","type":"Microsoft.PowerApps/apps","tags":{"primaryDeviceWidth":"1136","primaryDeviceHeight":"640","supportsPortrait":"false","supportsLandscape":"true","primaryFormFactor":"Phone","publisherVersion":"3.22105.21","minimumRequiredApiVersion":"2.2.0","hasComponent":"false","hasUnlockedComponent":"false","isUnifiedRootApp":"false","sienaVersion":"20221114T195925Z-3.22105.21.0"},"properties":{"appVersion":"2022-11-14T19:59:25Z","lifeCycleId":"Published","createdByClientVersion":{"major":3,"minor":22105,"build":21,"revision":0,"majorRevision":0,"minorRevision":0},"minClientVersion":{"major":3,"minor":22105,"build":21,"revision":0,"majorRevision":0,"minorRevision":0},"backgroundColor":"rgba(0, 0, 0, 1)","backgroundImageUri":"/14614428398543161204/N50ca2955-2921-495b-a2c9-7f5d2ad391a6-logoSmallFile","displayName":"Gm","description":"Just a bit of fun. I tried to make a simple game in Power Apps.","commitMessage":"","appUris":{"documentUri":{"value":"/14614428398543161204/N81684ed8-c0d2-4a7b-b15e-b7ecd72484e6-document.msapp"},"imageUris":[],"additionalUris":[]},"createdTime":"0001-01-01T00:00:00Z","lastModifiedTime":"0001-01-01T00:00:00Z","sharedGroupsCount":0,"sharedUsersCount":0,"icons":{"smallIconUri":"/14614428398543161204/N2d51f8db-b787-4bab-87f4-d6d815fbe22c-small.png","mediumIconUri":"/14614428398543161204/N23cdc19f-a8e9-40d7-bf1e-2e43a8fc5a73-medium.png","largeIconUri":"/14614428398543161204/Nf25c61be-d3ae-4017-abe7-3103cfcc90b6-large.png","wideIconUri":"/14614428398543161204/Nacbe403a-672a-4130-9305-8baa5dfc2eec-wide.png"},"connectionReferences":{},"databaseReferences":{},"almMode":"Environment","performanceOptimizationEnabled":true,"canConsumeAppPass":true,"enableModernRuntimeMode":false,"executionRestrictions":{"isTeamsOnly":false,"dataLossPreventionEvaluationResult":{"status":"Compliant","lastEvaluationDate":"2022-11-12T18:32:25.2521519Z","violations":[],"violationsByPolicy":[],"violationErrorMessage":"The app uses the following connectors: ."}}},"appType":"ClassicCanvasApp","appComponents":[]}}