<environmentvariabledefinition schemaname="new_shared_sharepointonline_54ab85c9eb0b4f31b06cd2b4de80a2e7">
  <apiid>/providers/microsoft.powerapps/apis/shared_sharepointonline</apiid>
  <defaultvalue>6d6fe663-b969-4cd4-89fd-9541c26a0a0e</defaultvalue>
  <displayname default="Tasks">
    <label description="Tasks" languagecode="1033" />
  </displayname>
  <introducedversion>1.0</introducedversion>
  <iscustomizable>1</iscustomizable>
  <isrequired>0</isrequired>
  <parameterkey>table</parameterkey>
  <parentdefinitionid>
    <schemaname>db_Sharepointsiteurl_myass</schemaname>
  </parentdefinitionid>
  <secretstore>0</secretstore>
  <type>100000004</type>
</environmentvariabledefinition>