{"schemaVersion":"1.0","appDefinitionTemplate":{"id":"/providers/Microsoft.PowerApps/apps/","type":"Microsoft.PowerApps/apps","tags":{"primaryDeviceWidth":"3489","primaryDeviceHeight":"1499","supportsPortrait":"true","supportsLandscape":"true","primaryFormFactor":"Phone","publisherVersion":"3.22072.25","minimumRequiredApiVersion":"2.2.0","hasComponent":"false","hasUnlockedComponent":"false","isUnifiedRootApp":"false","sienaVersion":"20220802T153656Z-3.22072.25.0"},"properties":{"appVersion":"2022-08-02T15:36:56Z","lifeCycleId":"Published","createdByClientVersion":{"major":3,"minor":22072,"build":25,"revision":0,"majorRevision":0,"minorRevision":0},"minClientVersion":{"major":3,"minor":22072,"build":25,"revision":0,"majorRevision":0,"minorRevision":0},"backgroundColor":"RGBA(0,176,240,1)","backgroundImageUri":"/15806190117289896669/N406ce9be-fabb-4ae7-abb9-c9393c6e8fc4-logoSmallFile","displayName":"Responsive App Template 2","description":"","commitMessage":"","appUris":{"documentUri":{"value":"/15806190117289896669/N200a70f7-ca27-449c-a20f-a08d8d2f7900-document.msapp"},"imageUris":[],"additionalUris":[]},"createdTime":"0001-01-01T00:00:00Z","lastModifiedTime":"0001-01-01T00:00:00Z","sharedGroupsCount":0,"sharedUsersCount":0,"icons":{"smallIconUri":"/15806190117289896669/N2fb6d7ac-3780-4827-aa2b-a6aa948e7319-small.png","mediumIconUri":"/15806190117289896669/N0dcb2db1-b269-4f77-80eb-4ea0bc3fc2b0-medium.png","largeIconUri":"/15806190117289896669/Nc5618559-00eb-4bae-8d23-5ee27262f756-large.png","wideIconUri":"/15806190117289896669/N0dd741ba-8ca7-4f21-8512-21619c33fb33-wide.png"},"connectionReferences":{},"databaseReferences":{},"almMode":"Environment","performanceOptimizationEnabled":true,"canConsumeAppPass":true,"executionRestrictions":{"isTeamsOnly":false,"dataLossPreventionEvaluationResult":{"status":"Compliant","lastEvaluationDate":"2022-08-02T06:47:13.5503008Z","violations":[],"violationsByPolicy":[],"violationErrorMessage":"The app uses the following connectors: ."}}},"appType":"ClassicCanvasApp","appComponents":[]}}