{
  "properties": {
    "connectionReferences": {
      "shared_office365users": {
        "runtimeSource": "invoker",
        "connection": {
          "connectionReferenceLogicalName": "db_sharedoffice365users_1d982"
        },
        "api": {
          "name": "shared_office365users"
        }
      },
      "shared_sharepointonline": {
        "runtimeSource": "invoker",
        "connection": {
          "connectionReferenceLogicalName": "db_sharedsharepointonline_395ab"
        },
        "api": {
          "name": "shared_sharepointonline"
        }
      }
    },
    "definition": {
      "$schema": "https://schema.management.azure.com/providers/Microsoft.Logic/schemas/2016-06-01/workflowdefinition.json#",
      "contentVersion": "1.0.0.0",
      "parameters": {
        "$connections": {
          "defaultValue": {},
          "type": "Object"
        },
        "$authentication": {
          "defaultValue": {},
          "type": "SecureObject"
        },
        "SPSite_url (db_Sharepointsiteurl_myass)": {
          "defaultValue": "https://burberry.sharepoint.com/sites/MyAssistant/",
          "type": "String",
          "metadata": {
            "schemaName": "db_Sharepointsiteurl_myass"
          }
        }
      },
      "triggers": {
        "manual": {
          "metadata": {
            "operationMetadataId": "b08b3865-ff2b-4bf7-ac6f-564a4118eb44"
          },
          "type": "Request",
          "kind": "Button",
          "inputs": {
            "schema": {
              "type": "object",
              "properties": {},
              "required": []
            }
          }
        }
      },
      "actions": {
        "Get_my_profile_(V2)": {
          "runAfter": {
            "Compose": [
              "Succeeded"
            ]
          },
          "metadata": {
            "operationMetadataId": "1ad172fb-f51c-4cc4-ad32-19d3219d6ffd"
          },
          "type": "OpenApiConnection",
          "inputs": {
            "host": {
              "connectionName": "shared_office365users",
              "operationId": "MyProfile_V2",
              "apiId": "/providers/Microsoft.PowerApps/apis/shared_office365users"
            },
            "parameters": {},
            "authentication": {
              "type": "Raw",
              "value": "@json(decodeBase64(triggerOutputs().headers['X-MS-APIM-Tokens']))['$ConnectionKey']"
            }
          }
        },
        "Scope:_Create_Schedule_list_and_fields": {
          "actions": {
            "Send_an_HTTP_request_to_SharePoint:_Create_GPTPrompt_column": {
              "runAfter": {
                "Send_an_HTTP_request_to_SharePoint:_Create_Myschedule_column": [
                  "Succeeded"
                ]
              },
              "metadata": {
                "operationMetadataId": "0a602016-ec45-4319-9f05-4f9fdf8195c1"
              },
              "type": "OpenApiConnection",
              "inputs": {
                "host": {
                  "connectionName": "shared_sharepointonline",
                  "operationId": "HttpRequest",
                  "apiId": "/providers/Microsoft.PowerApps/apis/shared_sharepointonline"
                },
                "parameters": {
                  "dataset": "@outputs('Compose')",
                  "parameters/method": "POST",
                  "parameters/uri": "/_api/web/lists/GetByTitle('Schedule')/fields",
                  "parameters/headers": {
                    "Accept": "application/json;odata=verbose",
                    "Content-Type": "application/json;odata=verbose"
                  },
                  "parameters/body": "{\n    \"__metadata\": { \"type\": \"SP.Field\" },\n    \"Title\": \"GPTPrompt\",\n    \"FieldTypeKind\": 3\n}\n"
                },
                "authentication": {
                  "type": "Raw",
                  "value": "@json(decodeBase64(triggerOutputs().headers['X-MS-APIM-Tokens']))['$ConnectionKey']"
                }
              }
            },
            "Send_an_HTTP_request_to_SharePoint:_Create_Date_column": {
              "runAfter": {
                "Send_an_HTTP_request_to_SharePoint:_Create_GPTPrompt_column": [
                  "Succeeded"
                ]
              },
              "metadata": {
                "operationMetadataId": "fddbdda5-b10f-4aee-97f9-9a05ac04088e"
              },
              "type": "OpenApiConnection",
              "inputs": {
                "host": {
                  "connectionName": "shared_sharepointonline",
                  "operationId": "HttpRequest",
                  "apiId": "/providers/Microsoft.PowerApps/apis/shared_sharepointonline"
                },
                "parameters": {
                  "dataset": "@outputs('Compose')",
                  "parameters/method": "POST",
                  "parameters/uri": "/_api/web/lists/GetByTitle('Schedule')/fields",
                  "parameters/headers": {
                    "Accept": "application/json;odata=verbose",
                    "Content-Type": "application/json;odata=verbose"
                  },
                  "parameters/body": "{\n    \"__metadata\": { \"type\": \"SP.FieldDateTime\" },\n    \"Title\": \"Date\",\n    \"FieldTypeKind\": 4,\n    \"DisplayFormat\": 0\n}\n"
                },
                "authentication": {
                  "type": "Raw",
                  "value": "@json(decodeBase64(triggerOutputs().headers['X-MS-APIM-Tokens']))['$ConnectionKey']"
                }
              }
            },
            "Send_an_HTTP_request_to_SharePoint:_Create_Schedule_list": {
              "runAfter": {},
              "metadata": {
                "operationMetadataId": "6c0ed256-8fcf-4c6f-b38e-71cea66adae3"
              },
              "type": "OpenApiConnection",
              "inputs": {
                "host": {
                  "connectionName": "shared_sharepointonline",
                  "operationId": "HttpRequest",
                  "apiId": "/providers/Microsoft.PowerApps/apis/shared_sharepointonline"
                },
                "parameters": {
                  "dataset": "@outputs('Compose')",
                  "parameters/method": "POST",
                  "parameters/uri": "/_api/web/lists",
                  "parameters/headers": {
                    "Accept": "application/json;odata=verbose",
                    "Content-Type": "application/json;odata=verbose"
                  },
                  "parameters/body": "{\n    \"__metadata\": {\n        \"type\": \"SP.List\"\n    },\n    \"BaseTemplate\": 100,\n    \"Title\": \"Schedule\",\n    \"Description\": \"My Assistant Schedule List\"\n}\n"
                },
                "authentication": {
                  "type": "Raw",
                  "value": "@json(decodeBase64(triggerOutputs().headers['X-MS-APIM-Tokens']))['$ConnectionKey']"
                }
              }
            },
            "Send_an_HTTP_request_to_SharePoint:_Create_Myschedule_column": {
              "runAfter": {
                "Send_an_HTTP_request_to_SharePoint:_Create_Schedule_list": [
                  "Succeeded"
                ]
              },
              "metadata": {
                "operationMetadataId": "61d0ea5e-c7e5-4b84-99a6-d22a47cfb9c9"
              },
              "type": "OpenApiConnection",
              "inputs": {
                "host": {
                  "connectionName": "shared_sharepointonline",
                  "operationId": "HttpRequest",
                  "apiId": "/providers/Microsoft.PowerApps/apis/shared_sharepointonline"
                },
                "parameters": {
                  "dataset": "@outputs('Compose')",
                  "parameters/method": "POST",
                  "parameters/uri": "/_api/web/lists/GetByTitle('Schedule')/fields",
                  "parameters/headers": {
                    "Accept": "application/json;odata=verbose",
                    "Content-Type": "application/json;odata=verbose"
                  },
                  "parameters/body": "{\n    \"__metadata\": { \"type\": \"SP.Field\" },\n    \"Title\": \"Myschedule\",\n    \"FieldTypeKind\": 3\n}\n"
                },
                "authentication": {
                  "type": "Raw",
                  "value": "@json(decodeBase64(triggerOutputs().headers['X-MS-APIM-Tokens']))['$ConnectionKey']"
                }
              }
            }
          },
          "runAfter": {
            "Get_my_profile_(V2)": [
              "Succeeded"
            ]
          },
          "metadata": {
            "operationMetadataId": "6966ecfe-5be5-4fa2-8f0b-db79ea25bf17"
          },
          "type": "Scope"
        },
        "Compose": {
          "runAfter": {},
          "metadata": {
            "operationMetadataId": "bebd8afc-6f02-435e-81ff-fa938d7dc00e"
          },
          "type": "Compose",
          "inputs": "@parameters('SPSite_url (db_Sharepointsiteurl_myass)')"
        },
        "Scope:_Create_Task_list_and_fields": {
          "actions": {
            "Send_an_HTTP_request_to_SharePoint:_Create_CC_column": {
              "runAfter": {
                "Send_an_HTTP_request_to_SharePoint:_Create_To_column": [
                  "Succeeded"
                ]
              },
              "metadata": {
                "operationMetadataId": "0a602016-ec45-4319-9f05-4f9fdf8195c1"
              },
              "type": "OpenApiConnection",
              "inputs": {
                "host": {
                  "connectionName": "shared_sharepointonline",
                  "operationId": "HttpRequest",
                  "apiId": "/providers/Microsoft.PowerApps/apis/shared_sharepointonline"
                },
                "parameters": {
                  "dataset": "@outputs('Compose')",
                  "parameters/method": "POST",
                  "parameters/uri": "/_api/web/lists/GetByTitle('Tasks')/fields",
                  "parameters/headers": {
                    "Accept": "application/json;odata=verbose",
                    "Content-Type": "application/json;odata=verbose"
                  },
                  "parameters/body": "{\n    \"__metadata\": { \"type\": \"SP.Field\" },\n    \"Title\": \"CC\",\n    \"FieldTypeKind\": 2\n}"
                },
                "authentication": {
                  "type": "Raw",
                  "value": "@json(decodeBase64(triggerOutputs().headers['X-MS-APIM-Tokens']))['$ConnectionKey']"
                }
              }
            },
            "Send_an_HTTP_request_to_SharePoint:_Create_Subject_column": {
              "runAfter": {
                "Send_an_HTTP_request_to_SharePoint:_Create_CC_column": [
                  "Succeeded"
                ]
              },
              "metadata": {
                "operationMetadataId": "fddbdda5-b10f-4aee-97f9-9a05ac04088e"
              },
              "type": "OpenApiConnection",
              "inputs": {
                "host": {
                  "connectionName": "shared_sharepointonline",
                  "operationId": "HttpRequest",
                  "apiId": "/providers/Microsoft.PowerApps/apis/shared_sharepointonline"
                },
                "parameters": {
                  "dataset": "@outputs('Compose')",
                  "parameters/method": "POST",
                  "parameters/uri": "/_api/web/lists/GetByTitle('Tasks')/fields",
                  "parameters/headers": {
                    "Accept": "application/json;odata=verbose",
                    "Content-Type": "application/json;odata=verbose"
                  },
                  "parameters/body": "{\n    \"__metadata\": { \"type\": \"SP.Field\" },\n    \"Title\": \"Subject\",\n    \"FieldTypeKind\": 2\n}\n"
                },
                "authentication": {
                  "type": "Raw",
                  "value": "@json(decodeBase64(triggerOutputs().headers['X-MS-APIM-Tokens']))['$ConnectionKey']"
                }
              }
            },
            "Send_an_HTTP_request_to_SharePoint:_Create_Task_list": {
              "runAfter": {},
              "metadata": {
                "operationMetadataId": "6c0ed256-8fcf-4c6f-b38e-71cea66adae3"
              },
              "type": "OpenApiConnection",
              "inputs": {
                "host": {
                  "connectionName": "shared_sharepointonline",
                  "operationId": "HttpRequest",
                  "apiId": "/providers/Microsoft.PowerApps/apis/shared_sharepointonline"
                },
                "parameters": {
                  "dataset": "@outputs('Compose')",
                  "parameters/method": "POST",
                  "parameters/uri": "/_api/web/lists",
                  "parameters/headers": {
                    "Accept": "application/json;odata=verbose",
                    "Content-Type": "application/json;odata=verbose"
                  },
                  "parameters/body": "{\n    \"__metadata\": {\n        \"type\": \"SP.List\"\n    },\n    \"BaseTemplate\": 100,\n    \"Title\": \"Tasks\",\n    \"Description\": \"My Assistant Task List\"\n}\n"
                },
                "authentication": {
                  "type": "Raw",
                  "value": "@json(decodeBase64(triggerOutputs().headers['X-MS-APIM-Tokens']))['$ConnectionKey']"
                }
              }
            },
            "Send_an_HTTP_request_to_SharePoint:_Create_To_column": {
              "runAfter": {
                "Send_an_HTTP_request_to_SharePoint:_Create_Task_list": [
                  "Succeeded"
                ]
              },
              "metadata": {
                "operationMetadataId": "61d0ea5e-c7e5-4b84-99a6-d22a47cfb9c9"
              },
              "type": "OpenApiConnection",
              "inputs": {
                "host": {
                  "connectionName": "shared_sharepointonline",
                  "operationId": "HttpRequest",
                  "apiId": "/providers/Microsoft.PowerApps/apis/shared_sharepointonline"
                },
                "parameters": {
                  "dataset": "@outputs('Compose')",
                  "parameters/method": "POST",
                  "parameters/uri": "/_api/web/lists/GetByTitle('Tasks')/fields",
                  "parameters/headers": {
                    "Accept": "application/json;odata=verbose",
                    "Content-Type": "application/json;odata=verbose"
                  },
                  "parameters/body": "{\n    \"__metadata\": { \"type\": \"SP.Field\" },\n    \"Title\": \"To\",\n    \"FieldTypeKind\": 2\n}"
                },
                "authentication": {
                  "type": "Raw",
                  "value": "@json(decodeBase64(triggerOutputs().headers['X-MS-APIM-Tokens']))['$ConnectionKey']"
                }
              }
            },
            "Send_an_HTTP_request_to_SharePoint:_Create_Body_column": {
              "runAfter": {
                "Send_an_HTTP_request_to_SharePoint:_Create_Subject_column": [
                  "Succeeded"
                ]
              },
              "metadata": {
                "operationMetadataId": "fddbdda5-b10f-4aee-97f9-9a05ac04088e"
              },
              "type": "OpenApiConnection",
              "inputs": {
                "host": {
                  "connectionName": "shared_sharepointonline",
                  "operationId": "HttpRequest",
                  "apiId": "/providers/Microsoft.PowerApps/apis/shared_sharepointonline"
                },
                "parameters": {
                  "dataset": "@outputs('Compose')",
                  "parameters/method": "POST",
                  "parameters/uri": "/_api/web/lists/GetByTitle('Tasks')/fields",
                  "parameters/headers": {
                    "Accept": "application/json;odata=verbose",
                    "Content-Type": "application/json;odata=verbose"
                  },
                  "parameters/body": "{\n    \"__metadata\": { \"type\": \"SP.Field\" },\n    \"Title\": \"Body\",\n    \"FieldTypeKind\": 3\n}\n"
                },
                "authentication": {
                  "type": "Raw",
                  "value": "@json(decodeBase64(triggerOutputs().headers['X-MS-APIM-Tokens']))['$ConnectionKey']"
                }
              }
            },
            "Send_an_HTTP_request_to_SharePoint:_Create_Scheduled_column": {
              "runAfter": {
                "Send_an_HTTP_request_to_SharePoint:_Create_Body_column": [
                  "Succeeded"
                ]
              },
              "metadata": {
                "operationMetadataId": "fddbdda5-b10f-4aee-97f9-9a05ac04088e"
              },
              "type": "OpenApiConnection",
              "inputs": {
                "host": {
                  "connectionName": "shared_sharepointonline",
                  "operationId": "HttpRequest",
                  "apiId": "/providers/Microsoft.PowerApps/apis/shared_sharepointonline"
                },
                "parameters": {
                  "dataset": "@outputs('Compose')",
                  "parameters/method": "POST",
                  "parameters/uri": "/_api/web/lists/GetByTitle('Tasks')/fields",
                  "parameters/headers": {
                    "Accept": "application/json;odata=verbose",
                    "Content-Type": "application/json;odata=verbose"
                  },
                  "parameters/body": "{\n    \"__metadata\": { \"type\": \"SP.FieldDateTime\" },\n    \"Title\": \"Scheduled\",\n    \"FieldTypeKind\": 4\n}"
                },
                "authentication": {
                  "type": "Raw",
                  "value": "@json(decodeBase64(triggerOutputs().headers['X-MS-APIM-Tokens']))['$ConnectionKey']"
                }
              }
            },
            "Send_an_HTTP_request_to_SharePoint:_Create_Start_Time_column": {
              "runAfter": {
                "Send_an_HTTP_request_to_SharePoint:_Create_Scheduled_column": [
                  "Succeeded"
                ]
              },
              "metadata": {
                "operationMetadataId": "fddbdda5-b10f-4aee-97f9-9a05ac04088e"
              },
              "type": "OpenApiConnection",
              "inputs": {
                "host": {
                  "connectionName": "shared_sharepointonline",
                  "operationId": "HttpRequest",
                  "apiId": "/providers/Microsoft.PowerApps/apis/shared_sharepointonline"
                },
                "parameters": {
                  "dataset": "@outputs('Compose')",
                  "parameters/method": "POST",
                  "parameters/uri": "/_api/web/lists/GetByTitle('Tasks')/fields",
                  "parameters/headers": {
                    "Accept": "application/json;odata=verbose",
                    "Content-Type": "application/json;odata=verbose"
                  },
                  "parameters/body": "{\n    \"__metadata\": { \"type\": \"SP.FieldDateTime\" },\n    \"Title\": \"Start_time\",\n    \"FieldTypeKind\": 4\n}"
                },
                "authentication": {
                  "type": "Raw",
                  "value": "@json(decodeBase64(triggerOutputs().headers['X-MS-APIM-Tokens']))['$ConnectionKey']"
                }
              }
            },
            "Send_an_HTTP_request_to_SharePoint:_Create_End_Time_column": {
              "runAfter": {
                "Send_an_HTTP_request_to_SharePoint:_Create_Start_Time_column": [
                  "Succeeded"
                ]
              },
              "metadata": {
                "operationMetadataId": "fddbdda5-b10f-4aee-97f9-9a05ac04088e"
              },
              "type": "OpenApiConnection",
              "inputs": {
                "host": {
                  "connectionName": "shared_sharepointonline",
                  "operationId": "HttpRequest",
                  "apiId": "/providers/Microsoft.PowerApps/apis/shared_sharepointonline"
                },
                "parameters": {
                  "dataset": "@outputs('Compose')",
                  "parameters/method": "POST",
                  "parameters/uri": "/_api/web/lists/GetByTitle('Tasks')/fields",
                  "parameters/headers": {
                    "Accept": "application/json;odata=verbose",
                    "Content-Type": "application/json;odata=verbose"
                  },
                  "parameters/body": "{\n    \"__metadata\": { \"type\": \"SP.FieldDateTime\" },\n    \"Title\": \"End_time\",\n    \"FieldTypeKind\": 4\n}\n\n"
                },
                "authentication": {
                  "type": "Raw",
                  "value": "@json(decodeBase64(triggerOutputs().headers['X-MS-APIM-Tokens']))['$ConnectionKey']"
                }
              }
            },
            "Send_an_HTTP_request_to_SharePoint:_Create_JobStatus_column": {
              "runAfter": {
                "Send_an_HTTP_request_to_SharePoint:_Create_End_Time_column": [
                  "Succeeded"
                ]
              },
              "metadata": {
                "operationMetadataId": "fddbdda5-b10f-4aee-97f9-9a05ac04088e"
              },
              "type": "OpenApiConnection",
              "inputs": {
                "host": {
                  "connectionName": "shared_sharepointonline",
                  "operationId": "HttpRequest",
                  "apiId": "/providers/Microsoft.PowerApps/apis/shared_sharepointonline"
                },
                "parameters": {
                  "dataset": "@outputs('Compose')",
                  "parameters/method": "POST",
                  "parameters/uri": "/_api/web/lists/GetByTitle('Tasks')/fields",
                  "parameters/headers": {
                    "Accept": "application/json;odata=verbose",
                    "Content-Type": "application/json;odata=verbose"
                  },
                  "parameters/body": "{\n    \"__metadata\": { \"type\": \"SP.Field\" },\n    \"Title\": \"JobStatus\",\n    \"FieldTypeKind\": 2\n}\n"
                },
                "authentication": {
                  "type": "Raw",
                  "value": "@json(decodeBase64(triggerOutputs().headers['X-MS-APIM-Tokens']))['$ConnectionKey']"
                }
              }
            }
          },
          "runAfter": {
            "Scope:_Create_Schedule_list_and_fields": [
              "Succeeded"
            ]
          },
          "metadata": {
            "operationMetadataId": "6966ecfe-5be5-4fa2-8f0b-db79ea25bf17"
          },
          "type": "Scope"
        }
      }
    },
    "templateName": ""
  },
  "schemaVersion": "1.0.0.0"
}