{
  "properties": {
    "connectionReferences": {},
    "definition": {
      "$schema": "https://schema.management.azure.com/providers/Microsoft.Logic/schemas/2016-06-01/workflowdefinition.json#",
      "contentVersion": "1.0.0.0",
      "parameters": {
        "$authentication": {
          "defaultValue": {},
          "type": "SecureObject"
        },
        "gptapikey_myass (db_gptapikey_myass)": {
          "defaultValue": "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",
          "type": "String",
          "metadata": {
            "schemaName": "db_gptapikey_myass",
            "description": "GPT API key for My Assistant"
          }
        }
      },
      "triggers": {
        "manual": {
          "metadata": {
            "operationMetadataId": "b5293ab5-bfd2-41f2-9f50-ff0f15e301f9"
          },
          "type": "Request",
          "kind": "PowerAppV2",
          "inputs": {
            "schema": {
              "type": "object",
              "properties": {
                "text": {
                  "title": "AudioFormat_Inputs",
                  "type": "string",
                  "x-ms-dynamically-added": true,
                  "description": "Please enter your input",
                  "x-ms-content-hint": "TEXT"
                },
                "text_1": {
                  "title": "FileContent_Inputs",
                  "type": "string",
                  "x-ms-dynamically-added": true,
                  "description": "Please enter your input",
                  "x-ms-content-hint": "TEXT"
                }
              },
              "required": [
                "text",
                "text_1"
              ]
            }
          }
        }
      },
      "actions": {
        "Compose-AudioFormat": {
          "runAfter": {},
          "metadata": {
            "operationMetadataId": "dfad20fe-e36e-4223-a2c6-ffe8e920d29a"
          },
          "type": "Compose",
          "inputs": "@triggerBody()['text']"
        },
        "Compose-FileContent": {
          "runAfter": {
            "Compose-AudioFormat": [
              "Succeeded"
            ]
          },
          "metadata": {
            "operationMetadataId": "2d6d161a-6641-461b-9ea8-0bbd0166abb2"
          },
          "type": "Compose",
          "inputs": {
            "$content-type": "@outputs('Compose-AudioFormat')",
            "$content": "@triggerBody()['text_1']"
          }
        },
        "HTTP-CallOpenApiModel": {
          "runAfter": {
            "Compose-FileContent": [
              "Succeeded"
            ]
          },
          "metadata": {
            "operationMetadataId": "b2c55bf7-fed5-4a6d-a46f-4892651ece82"
          },
          "type": "Http",
          "inputs": {
            "method": "POST",
            "uri": "https://api.openai.com/v1/audio/transcriptions",
            "headers": {
              "Authorization": "Bearer @{parameters('gptapikey_myass (db_gptapikey_myass)')}",
              "Content-Type": "multipart/form-data"
            },
            "body": {
              "$content-type": "multipart/form-data",
              "$multipart": [
                {
                  "headers": {
                    "Content-Disposition": "form-data; name=\"model\""
                  },
                  "body": "whisper-1"
                },
                {
                  "headers": {
                    "Content-Disposition": "form-data; name=\"file\";filename=\"audiofile.webm\""
                  },
                  "body": "@outputs('Compose-FileContent')"
                }
              ]
            }
          }
        },
        "Respond_to_a_PowerApp_or_flow": {
          "runAfter": {
            "HTTP-CallOpenApiModel": [
              "Succeeded"
            ]
          },
          "metadata": {
            "operationMetadataId": "752a5f40-d3fe-4922-938c-9299e8452ae9"
          },
          "type": "Response",
          "kind": "PowerApp",
          "inputs": {
            "statusCode": 200,
            "body": {
              "audiotext": "@{body('HTTP-CallOpenApiModel')['Text']}"
            },
            "schema": {
              "type": "object",
              "properties": {
                "audiotext": {
                  "title": "audioText",
                  "x-ms-dynamically-added": true,
                  "type": "string"
                }
              }
            }
          }
        }
      }
    },
    "templateName": ""
  },
  "schemaVersion": "1.0.0.0"
}