<environmentvariabledefinition schemaname="db_appurl_myass">
  <defaultvalue>https://apps.powerapps.com/play/e/c27a705e-46eb-e3e6-aa0e-aabc31853b56/a/bcd8a652-8b8e-45e5-a080-5dae469d9772?tenantId=8535436a-46bb-4cc6-a9c9-9ec392e449ee</defaultvalue>
  <description default="URL for My Assistant App">
    <label description="URL for My Assistant App" languagecode="1033" />
  </description>
  <displayname default="appurl_myass">
    <label description="appurl_myass" languagecode="1033" />
  </displayname>
  <introducedversion>1.0.0.0</introducedversion>
  <iscustomizable>1</iscustomizable>
  <isrequired>0</isrequired>
  <secretstore>0</secretstore>
  <type>100000000</type>
</environmentvariabledefinition>