<environmentvariabledefinition schemaname="db_appurl_myass">
  <description default="URL for My Assistant App">
    <label description="URL for My Assistant App" languagecode="1033" />
  </description>
  <displayname default="appurl_myass">
    <label description="appurl_myass" languagecode="1033" />
  </displayname>
  <introducedversion>1.0.0.0</introducedversion>
  <iscustomizable>1</iscustomizable>
  <isrequired>0</isrequired>
  <secretstore>0</secretstore>
  <type>100000000</type>
</environmentvariabledefinition>